Pyary,"PYARY features soap, cleansers & enjoy over 90 years' experience in clean skin, flawless complexion & products made of natural ingredients.",Pyary-Ayurvedic-Logo-150x150.jpg
Kojie San,"Kojie San presents soap, lotion & products from a skin lightening skin care range formulated with best choice ingredients.",Kojie.-San.jpg
Simple,"SIMPLE Skincare features moisturizers, scrubs, cleansers, toners & serums that are kinder for even the most sensitive skin.",Simple-Skincare-Products.jpg
Got2b,Got2b brand is inspired by the latest trends to provide styling products to achieve a variety of unique hair styles.,got2b.jpg
Old Spice,"OLD SPICE offers antiperspirants, deodorants, body wash, hair care, beard care products & a ton of best-in-class items for men.",Old-Spice-Antiperspirants-and-Deodorants-150x150.jpg
Alara,"ALARA is a range of best-selling skin care moisturizers, soaps, cleansers, scrubs and lotion products that regenerate and nourish the skin.",Alara-Beauty.jpg
Shea Fantasy,"SHEA FANTASY presents lip balms, creams, soap & essential oils with the ultra-moisturizing & super healing powers of shea butter from PAMERI ORGANIC.",Pameri-Organic-Skincare-and-Hair-care-products-in-Kenya-150x150.jpg
American Dream,AMERICAN DREAM offers the best Cocoa Butter Products for Skin Care to rejuvenate and make your skin glow and feel better.,American-Dream-Hair-Products-150x150.jpg
Bio Balance,"BIO BALANCE is a range of organic skin care cleansers, toners, moisturizers, serums, anti-aging creams, exfoliators / scrubs, sunscreens, masks and more.",Bio-Balance-1.jpg
Bath & Body Works,"Bath & Body Works brand offers a range of fresh fragrance mists, soothing skincare creams, shower gels, scented candles and gifts delivered at competitive prices.",Bath-and-Body-Works-Beauty-Products-1.jpg
Mosara,"MOSARA crafts all-natural products for African hair â€“ natural, color treated, dreadlocks, chemically treatment & transitioning.",Mosara.jpg
Clear Essence,Clear Essence is a trusted name in skincare with a legacy of products that cleanse and hydrate skin of color.,Clear-Essence-150x150.jpg
Magic,"Magic presents SOFTSHEEN CARSON's superior hair care, hairstyling & hair color product offers for black men's natural, relaxed hair.",Magic.jpg
Revlon,"REVLON features lipstick, lip color, concealers, foundations, mascaras, powders & makeup products for face, eyes & lips.",Revlon-Products.jpg
Clinique,"CLINIQUE is a dermatologist-developed brand that creates cosmetic products for all skin types, tones and needs.",Clinique-Beauty-Products-1.jpg
Aloe Unique,"ALOE UNIQUE features a range of skincare cleansers, toners, moisturizers, serums, soap, lip balms, exfoliators, sunscreens, masks and more for a glowing, youthful skin.",Aloe-Unique-1-150x150.jpg
Asantee,ASANTEE offers a range of over 41 exclusive soap products with unique features for a soft and glowing skin.,Asantee.jpg
Ferragamo,"SALVATORE FERRAGAMO is a designer of luxury shoe, leather goods, apparel, silk products & other accessories. Browse perfumes and colognes that are all about a modern sophistication.",Salvatore-Ferragamo-Fragrances-150x150.jpg
Fruit Of The Wokali,"FRUIT OF THE WOKALI offers moisturizers, serums, sunscreens & more from the specialist skin care range with a footprint in 131 countries.",Wokali.jpg
Mary Kay,"MARY KAYÂ  presents cleansers, serums, moisturizers & sunscreens that address acne, anti-aging, wrinkles & fine lines.",Mary-Kay-Beauty.jpg
Afnan,"AFNAN is a collection of fragrances, uniquely crafted perfumes and colognes that inspire experiences through scents quality & design.",AFNAN.jpg
Xerjoff,"XERJOFF UNIVERSE is the ultimate destination for the universe of independent artistic fragrances and exclusive perfume. Browse perfumes and colognes featuring an exclusive range of exclusive Eau de Parfums, Eau de Toilettes & more.",Xerjoff-Fragrances-150x150.jpg
Neutrogena,"Neutrogena presents cleansers, face wash, sunscreens, treatments and moisturizers that protect your skin.",Neutrogena.jpg
Palmers,"PALMER'S offers skin care creams, oils, cleansers, serums, scrubs, toners, soap, hair conditioners, shampoos & more.",Palmers-Skincare-150x150.jpg
C.O. Bigelow,C.O. BIGELOW products present a collection of Bath & Body Works re-creations; original formulas developed from America's Oldest Apothecary at the best prices.,C.O.-Bigelow.jpg
Aurora Scents,"AURORA SCENTS offers womenâ€™s perfumes, menâ€™s colognes and top designer fragrances, a curated collection of perfumes for pure elegance and captivating aromas.",Aurora-Scents-1.jpg
Acnevit,AcneVit features vitamin-rich anti-acne products that are developed by ALPAYA Dermaceuticals to provide a natural and effective solution for acne and related skin issues.,Acnevit-1.jpg
Nishane,NISHANE is the first and only Istanbul based niche fragrance brand that is celebrated globally with an exceptional point of view on artistic perfumery. Browse niche perfumes and colognes at best prices.,Nishane.jpg
Halloween,"Browse Halloween fragrances online. Buy a captivating perfume and cologne line that embraces the essence of mystery, seduction, and fantasy.",Halloween.jpg
Tabac,"TABAC features perfumes, aftershaves, body mists, beard oils, shaving creams, lotions, gels, soap, deodorants for men.",Tabac-Original-Logo-150x150.jpg
Fundamentals,"FUNDAMENTALS Skincare offers moisturizers, cleansers, sunscreens, serums & more vegan, cruelty-free & fragrance-free products.",Fundamentals.jpg
Valentino,"Valentino fragrances feature high-quality perfumes, transformative face makeup, stunning gift sets, and so much more. Embark in a sensory journey with Valentino for her: discover the latest fragrances for men and women.",Valentino.jpg
Jean Paul Gaultier,"JEAN PAUL GAULTIER founded his eponymous fashion label in 1982 andÂ expanded with a line of fragrances in 1993. Browse perfumes, colognes, gift items and the widest creations of the iconic designer at the best prices.",Jean-Paul-Gaultier-Fragrances-150x150.jpg
Malibu,MALIBU offers sunscreen & sun protection from a sun care collection that provides families with quality at the best prices.,Malibu.jpg
Creme Of Nature,CREME OF NATURE product line takes your hair on an exotic journey to optimum health & shine at low prices.,Creme-of-Nature.jpg
Giorgio Armani,"GIORGIO ARMANI is a high-end label specializing in men's and women's ready-to-wear, accessories, glasses, cosmetics, and fragrances. Browse perfumes and colognes from the Italian fashion designer exclusive scents that tell worlds at best prices.",Giorgio-Armani-1.jpg
Antonio Banderas,"ANTONIO BANDERAS fragrance offers feature perfumes and colognes that speak of the inspiration, deepest secrets and passion behind the person.",Antonio-Banderas-Logo-150x150.jpg
Lancome,"LANCOME is a French luxury cosmetics and fragrances house that distributes products internationally. Browse skin care products, makeup, perfumes and luxury gift sets with over 85 years of creativity at the best prices.",Lancome-luxury-cosmetics-and-perfumes-brand-in-Kenya-150x150.jpg
L A Girl,"L. A. GIRL Cosmetics presents chic & savvy pro lipsticks, concealers, foundations, primers, eyeshadows, mascaras, face powder & makeup tools.",L.A.-Girl-Logo-150x150.jpg
Givenchy,"GIVENCHY is an international luxury brand that presents perfumes for women & men that are irresistibly classic, resonate with your style and are so very Givenchy.",Givenchy-Fragrance-Logo-150x150.jpg
Carolina Herrera,"CAROLINA HERRERA features perfumes online from our collection of fragrances, body care and gift ideas at very friendly prices.",Carolina-Herrera-Logo-150x150.jpg
Vaseline,"Vaseline features jellies, lotions, moisturizers & more from a brand that has been helping heal dry skin for over 150 years.",Vaseline.jpg
Armaf,"ARMAF fragrances offers include perfumes and colognes from over 171 fragrance base, and the best-in-class for luxury scent items.",Armaf-Perfumes.jpg
Cosrx,COSRX is a beauty skin care brand that helps individuals to find solutions according to their skin conditions.,Cosrx.jpg
Nivea,"NIVEA presents body care soaps, shower gels, bath additives, deodorants, creams, lotions, after shave & more.",Nivea.jpg
White Barn,"WHITE BARN features handcrafted candles, soaps, and home fragrances using only the finest ingredients to fill your space with beautiful scents.",White-Barn.jpg
Pastil,"PASTIL featuresÂ products that contain 100% Natural Organic nourishing ingredients that infiltrate into the hair follicle roots, repair and activate the dormant follicles and increase nutrient absorption. Browse Beard Oil and products that enrich and accelerate hair growth at best prices.",Pastil.jpg
Acqua di Parma,"ACQUA DI PARMA is a luxury lifestyle brand known for its elegant fragrances, candles, and other products, embodying Italian savoir-faire and a refined, modern lifestyle.",Acqua-Di-Parma.jpg
Fair & White,"FAIR & WHITE is a skin lightening line specifically designed to even skin tone, brighten overall complexion.",Fair-White.jpg
Ralph Lauren,"RALPH LAUREN is a global leader of premium lifestyle products including apparel, accessories, home, fragrances, and hospitality. Browse perfumes and colognes for both men and women with a touch of classic quality at best prices.",Shop-Ralph-Lauren-Designer-Fragrances-at-Best-Prices-Online-in-Nairobi-Kenya-150x150.jpg
Creme De Skin Nutritions,CREME de SKIN NUTRITIONS features unique skin care propositions to go with your budget & body care routine.,Creme-De-Skin-Nutritions.jpg
Kayali,"KAYALI is Mona Kattan's offer of fragrances which translates from Arabic to 'my imagination'.Â Browse perfumes, colognes and Eau de Parfum invitations to reflect your unique personality and celebrate infinite memories & moods made reality.",Kayali.jpg
Tom Ford,"TOM FORD is an American fashion designer of shoes, bags, cosmetics, fragrance, and jewelry for men and women. Browse perfumes and colognes inspired by an American fashion designer and film director at best prices.",Tom-Ford-Fragrances-150x150.jpg
Estee Lauder,"ESTEE LAUDER features top innovative, high-performance skin care, makeup and iconic fragrances.",Estee-Lauder-Logo-150x150.jpg
Cristiano Ronaldo,CRISTIANO RONALDO features perfumes that offer CR7 label fans an olfactive experience of his world.,Cristiano-Ronaldo-Perfumes-150x150.jpg
Hugo Boss,"HUGO BOSS, often styled as BOSS, is a luxury fashion house headquartered in Germany. Browse perfumes, colognes and gift sets and enjoy quality you can trust from a global fashion & lifestyle company.",Hugo-Boss-Logo-150x150.jpg
Degree Men,DEGREE MEN features deodorants & personal care items that offer long-lasting wetness & odor protection for less.,Degree-Men-1.jpg
Versace,"VERSACE presents the latest collection: an amalgamation of technology, classicism, fashion, luxury clothing, fragrances and accessories. Browse perfumes, colognes and gift items for men and women. Enjoy the best price discounts & fast delivery options.",Versace-Logo-150x150.jpg
Dolce & Gabbana,DOLCE & GABBANA offers perfumes & colognes with a touch of luxury & style from the Italian D&G Fashion House.,Dolce-and-Gabbana-150x150.jpg
Elizabeth Arden,"ELIZABETH ARDEN features luxury skincare, makeup and fragrances for women globally, was among the first to apply scientific innovation to cosmetics and advocated for a holistic approach to beauty.",Shop-Elizabeth-Arden-Fragrances-at-Best-Prices-Online-in-Nairobi-Kenya-150x150.jpg
Flormar,FLORMAR is a leading cosmetics brands in Turkey that offers a wide range of makeup & personal care products.,Shop-Flormar-cosmetics-and-beauty-products-for-face-eye-nail-body-care-skincare-makeup-kits-accessories-at-best-prices-in-Kenya.-150x150.jpg
Dior,"CHRISTIAN DIOR features perfumes, colognes and fragrances from the legendary brand of high-end products.",Christian-Dior-Logo-150x150.jpg
Clarins,CLARINS isÂ a leader of best-selling skin care and make-up over the course of its nearly 70 years of existence.,Clarins-2.jpg
Victoria's Secret,"VICTORIA'S SECRET is the world's go-to label for giving women everywhere one-of-a-kind lingerie, sleep, beauty, fragrance and accessories. Browse fragrance mists, body creams, lip glosses and luxury collection for men & women at the best prices.",Victorias-Secret-Logo-150x150.jpg
Mancera,"MANCERA offers a typical French esthetic of an eccentric, extraordinary perfumery, in a result of its luxurious inspirations and perfectionism. Browse perfumes, colognes & gift sets of over 78 signature Ouds of the Mancera House at the best prices.",Mancera-Parfums-150x150.jpg
Jovan,"JÅvan is a brand with a longstanding history. Since 1972, JÅvan has been a fragrance leader. Sample the best-selling Musk brand in broad distribution.",Jovan.jpg
Alexandre.J,"Alexandre.J has 47 perfumes in its fragrance base, the earliest being 2012. Discover the essence of sensuality, creativity and art.",Alexandre.J.jpg
Montale,Montale is where oriental and western scents collide. Discover a world of intense fragrances and perfumes for both men and women.,Montale.jpg
KrX Aesthetics,"KrX Aesthetics is where art of Korean skincare meets the science of beauty. Each formula is a testament to our commitment to quality, effectiveness, and the pursuit of the perfect â€œmodern-holisticâ€ skin treatment approach.",KRX-Aesthetics.jpg
Billie Eilish,"Billie Eilish features 3 perfumes in our fragrance base. A new fragrance brand, the earliest edition was created in 2021 and the newest is from 2023. Eilish fragrances were made in collaboration with perfumers Steve DeMercado, Catherine Selig and Linda Chinery.",Billie-Eilish.jpg
Adidas,ADIDAS fragrance collection embodies the spirit of champions and is fueled by the same passion and drive that defines Adidas' iconic sportswear. Explore great perfumes and colognes for active men!,Addidas-Luxury-150x150.jpg
Ormonde Jayne,Ormonde Jayne is a contemporary British perfume house creating niche collections of luxury perfumes. Innovative. Inclusive. Inspiring.,Ormonde-Jayne.jpg
Amouroud,AMOUROUD fragrances feature a collection of niche perfumes and colognes that evolve from the custom blending notions that won Perfumerâ€™s Workshop recognition.,Amouroud.jpg
Tous,"TOUS isÂ a Spanish brand founded in 1920 that combines collections of jewelry, bags, accessories and perfumes. Its niche design and outstanding quality soon brought the brand worldwide recognition and attracted the well-deserved interest of fashion enthusiasts.",Tous.jpg
Tiziana Terenzi,"The Tiziana Terenzi collection features perfumes inspired by travel, emotions shared around a fire and from life experience.Â These universal feelings are transformed into liquid emotions that are captured in priceless bottles of perfume extract.",Tiziana-Terenzi.jpg
Beyonce,"BEYONCE features fragrances, perfumes and scents for every occasion; bottled in antique-style glass flacons for confident women.",Beyonce.jpg
Hermes,"HERMES specializesÂ in leather goods, lifestyle accessories, home furnishings, perfumery, jewelry, watches and ready-to-wear. Browse perfumes and colognes from the French luxury goods house founded in 1837 by Thierry Hermes.",Terre-Dhermes-Logo-150x150.jpg
Louis Vuitton,Louis Vuitton features an invitation to dream. Louis Vuitton perfumes and fragrances that capture the Maisonâ€™s adventurous spirit of travel in an emotional and sensorial journey.,Louis-Vuitton.jpg
Azzaro,AZZARO fragrances offers include perfumes and colognes that embody timeless elegance & continue to celebrate luxury in all simplicity.,Shop-Azzaro-Fashion-Fragrances-at-Best-Prices-Online-in-Nairobi-Kenya-150x150.jpg
Guerlain,"GUERLAIN offers well-innovated and elevated beauty in Fragrances, Skincare and Makeup. Browse perfumes and colognes from the legendary French perfume house with 175 years of outstanding business, passion & tradition.",Guerlain.jpg
Bvlgari,BuLGARI fragrances represent perfumes with unmistakable modern / classic fragrance options from Bulgari's master perfumers.,Shop-BVLGARI-perfumes-at-Best-Prices-in-Nairobi-Kenya-150x150.jpg
Viktor & Rolf,"VIKTOR & ROLF is the avant-garde luxury fashion house founded in 1993 by fashion artists Viktor Horsting and Rolf Snoeren and features a natural extension of this Amsterdam-based fashion house. Browse perfumes, colognes & scents at best prices.",Viktor-and-Rolf.jpg
Bump Patrol,BUMP PATROL offers body care products that have been helping men eliminate razor bumps and rashes since 1991.,Bump-Patrol.jpg
Davidoff,"DAVIDOFF features perfumes, colognes & luxury accessories from the global creator of timeless pieces & fragrance.",Davidoff-Logo-150x150.jpg
Paco Rabanne,"PACO RABANNE is aÂ Spanish brand founded by Francisco Rabaneda y Cuervo that carries ready-to-wear, accessories and fragrances. Browse perfumes and colognes for men and women that feature all the originality & creativity at the best prices.",Paco-Rabanne-Fragrances-150x150.jpg
Jennifer Lopez,Jennifer Lopez (JLo) Beauty brand is inspired by the beauty secrets of singer and actress Jennifer Lopez. Browse perfumes from a collection of over 30 JLO's scents & experience the creativity behind the iconic star of all time.,Jennifer-Lopez-Fragrances-150x150.jpg
Marc Jacobs,MARC JACOBS is an American is a luxury fashion house that was founded in 1994 and features a collection of color cosmetics from foundations to lip gels to nail lacquer. Browse perfumes and colognes that uplift at the best price.,Marc-Jacobs.jpg
Prada,"PRADA specializes in leather fragrances, handbags, travel accessories, shoes, ready-to-wear, and other fashion accessories. Browse perfumes that inspire confidence and accentuate your style with a touch from luxury for men & women at best prices.",Prada.jpg
Calvin Klein,"CALVIN KLEIN is your preferred collection for perfumes and colognes from the fragrance brand that exemplifies bold, progressive ideals.",Calvin-Klein-Logo-150x150.jpg
Mercedes Benz,"MERCEDES BENZ fragrances represent a certain idea of modernity and luxury since its first launch in 2012. Browse perfumes, colognes and gifts with the ever powerful three-pronged star-badge emblem at best prices.",Mercedes-Benz-Logo-150x150.jpg
Marc Avento,"MARC AVENTO is a French perfume house that revolutionized the world of fragrances and has been a front-runner in perfumery since its foundation in 2014. Browse trendy perfumes for men and women, affordably, reliably and conveniently at best prices.",Marc-Avento.jpg
Burberry,"BURBERRY fragrance range presents perfumes, colognes and scents that embody iconic style and British sophistication.",Shop-Burberry-luxury-fragrances-outerwear-beauty-and-more-in-Nairobi-Kenya-150x150.jpg
Creed,"CREED offers perfumes, colognes and gift sets from a rich heritage of the trusted brand established in 1760!",Creed-Boutique.jpg
Mont Blanc,"MONT BLANC features a range of fragrances which embody a commitment to quality and craftsmanship. Browse perfumes, colognes and find your signature scent from the German source of luxury products at best prices.",Mont-Blanc-Logo-150x150.jpg
Sunny Isle,"SUNNY ISLE features shampoos, conditioners, beard oils and products for all natural hair types, skin types & ethnicities.",Sunny-Isle-Natural-Skincare-and-Hair-Care-Products-150x150.jpg
Kenneth Cole,"Kenneth Cole features an impressive resume of high-quality clothing, fragrances andÂ accessories. Browse perfumes, colognes and gift items from an American designer that was founded in 1982 at best prices.",Kenneth-Cole-Fragrances-150x150.jpg
Chanel,"CHANEL offers perfumes, colognes & designer scents that present a rare combination of class, glam and luxury.",Chanel-Fragrances-150x150.jpg
Kenzo,KENZO is a French fashion brand founded in 1970 by Kenzo Takada and features unique fragrances collection of original scents for any occasion. Browse perfumes and colognes for a more beautiful world at best prices.,Kenzo-Perfumes-150x150.jpg
Elizabeth Taylor,ELIZABETH TAYLOR offers perfumes & fragrances that draw from the passion & achievements of a star.,Elizabeth-Taylors-luxurious-fragrance-collection-in-Kenya-150x150.jpg
Britney Spears,"BRITNEY SPEARS fragrances feature perfumes, youthful scents & fragrances for women direct from the ""Princess of Pop"".",Shop-exclusive-fragrances-and-apparel-from-the-Britney-Spears-Official-Store-at-Nairobi-Kenya-150x150.jpg
Anubis,"ANUBIS features a range of skin care cleansers, toners, moisturizers, serums, anti-aging creams, exfoliators, sunscreens, masks and more. Products and treatments that embody years of rigorous research, stringent testing, and breakthrough innovation.",Anubis-Cosmetics-Logo-150x150.jpg
YSL,"YVES SAINT LAURENT features a collection of luxury handbags, ready to wear, shoes, leather goods, fragrances and accessories. Browse perfumes and colognes from a collection of YSL classic scents for men and women at best prices.",Yves-Saint-Laurent-Logo-150x150.jpg
Jaguar,JAGUAR Fragrances is positioned as a prestige brand that offers a dynamic fragrance experience. Browse perfumes and colognes and enjoy the likes of Classic Amber Â· Classic Black Â· Classic Red perfume for men at the best prices.,Jaguar-Logo-150x150.jpg
Swiss Arabian,"Swiss Arabian delivers the perfect mix of cultures, perfumes and exquisite creations that lead you on an aromatic journey of the senses that culminates in an impeccable moment that enchants forever.",Swiss-Arabian.jpg
Paloma Picasso,"Paloma Picasso is a luxury brand, primarily known for its perfumes and jewelry, founded by Paloma Picasso, the daughter of Pablo Picasso, the famous painter of all time.",Paloma-Picasso.jpg
Amouage,AMOUAGE fragrance collection features perfumes and colognes that carry a sophisticated signature and attest to unparalleled craftsmanship.,Amouage-Fragrances-150x150.jpg
Juicy Couture,"Juicy Couture is an LA lifestyle brand infused with casual glamor and an irreverent attitude, designed for girls all over the world.",Juicy-Couture-e1743935547257.jpg
Bentley,"BENTLEY features fragrances, perfumes and colognes for men as inspired by 100 years of design heritage from a world of rare natural ingredients.",Bentley-Fragrance-Logo-150x150.jpg
Initio,INITIO transgresses the rules of classic perfumery by reconnecting with the original power of perfumes. INITIO reveals mysterious facets through sensory compositions with talismanic properties.,Initio.jpg
Nicka K,"Nicka K New York was built on the premise that beautiful, premium makeup should be an essential, attainable part of every womanâ€™s daily life.",Nicka-K.jpg
Zaron,"ZARON features foundations, mascaras, lip glosses, lipsticks, facial powders, concealers, primers & lip liners for women of color.",Zaron-Cosmetics.jpg
Paris Hilton,PARIS HILTON is a Lifestyle brand that embodies the style and sensibility of our culture and nature creating designs. Browse perfumes and colognes inspired by a reality TV star and a successful billion-dollar retail brand entrepreneur.,Paris-Hilton-Fragrances-150x150.jpg
Sculpture,"Nikos Sculpture fragrances feature perfumes and colognes that pays tribute to the eternal beauty and attraction of Greek antique sculptures, bodies in perfection with their mystical aura and breathtaking presence.",Nikos-Scuplture.jpg
Jimmy Choo,"JIMMY CHOO is a British luxury fashion house specializing in shoes, handbags, accessories and fragrances. Browse perfumes and colognes that inspire greatness in everyone who wears them; from a leading luxury brand at best prices.",Jimmy-Choo-Fragrances-150x150.jpg
Franck Boclet,"Franck Boclet is a sober and elegant line of exceptional fragrances with a unique trail. Launched in 2012, each fragrance proposes a signature and an exceptional aftertaste where each composition highlights a main olfactory note sublimated by a set of notes to create an exceptional accord.",Franck-Boclet.jpg
Roja Parfums,"ROJA is a luxury perfume house founded in Britain in 2011. ROJA creates fragrances that reveal emotions and unlock memories, allowing everyone to authentically express their own personality.",Roja-Parfums.jpg
Ariana Grande,ARIANA GRANDE fragrances offer unique perfumes for women; scents inspired by the songwriter's sweet & sassy aesthetic passion,Ariana-Perfumes.jpg
Moschino,MOSCHINO fragrances feature a bold and playful collection of perfumes and colognes that captures the Italian brand'sÂ signature spirit of fun and creativity.,Moschino.jpg
Nautica,"NAUTICA features perfume and cologne offers that are inspired by the high seas, accessories andÂ scentsÂ in addition to lifestyle clothing designs for men, women and children.",Nautica.jpg
David Beckham,"DAVID BECKHAM fragrances capture values, passions and experiences with each scent perfectly evoking the moments and memories that David holds close to his heart.",David-Beckham.jpg
Maison Francis Kurkdjian,"Maison Francis Kurkdjian houses a unique collection, with a rarely matched quest for sophistication and elegance. Composed like a fragrance wardrobe, theÂ Maison Francis KurkdjianÂ collection offers exceptional luxury scents. Discover the Maison's designer perfumes.",Maison-Francis-Kurkdjian.jpg
The Merchant Of Venice,"The Merchant of Venice fragrances draw inspiration from centuries-old perfumery traditions from Venice and its trade with the Orient, creating scents that are both exquisite and enigmatic.",The-Merchant-Of-Venice.jpg
Amalico,"AMALICO collection features skin care, hair care and body care products from the No.1 cosmetics brand in the Middle East.",Amalico.jpg
Bond No. 9,Bond No. 9 is a collection of niche scents and fragrances from an American company that pays tribute to the city of New York through the art of perfumery.,Bond-No.-9.jpg
Chabaud,CHABAUD Maison de Parfum features a unique collection of fragrances and niche perfume from a family-owned French niche perfume brand from Montpellier.,Chabaud.jpg
Affinessence,"AFFINESSENCE is a niche French fragrance that is known for its ""Base Perfumes"" that focus on rich, long-lasting base notes, designed for layering or solo wear.Â ",Affinessence.jpg
Lacoste,"LACOSTE is a French company, founded in 1933 with unique expertise in clothing, footwear, sportswear, eyewear, leather goods, perfume, towels and watches. Browse unique designer perfumes and colognes to liberate and create movement in your personal life at best prices.",Lacoste-Fragrances-150x150.jpg
Joop,"JOOP is a German fashion house that was founded in 1978 with its upscale casual wear, lovely fragrances and high-end cosmetics. Browse perfumes and colognes from the German luxury fashion house specializing modern clothing & cosmetics at best prices.",Joop-Fragrances-150x150.jpg
Tea Rose,"For fiftyÂ years, Perfumerâ€™s Workshop Tea Rose has enchanted women and the men who adore them with true, classic, well-balanced and authentic rose aroma.",Tea-Rose-Parfum.jpg
Scalpers,"Scalpers features a unique and unparalleled fragrance for men, women and children. An elegant and young clothing brand with a rebellious spirit.",Scaplers.jpg
Nightology,"Nightology presents aÂ family of Eau de Parfums born from the complex blends of the most genuine, penetrating and unique raw materials. With an exceptional quality that awakens our senses and helps us perceive the true origin of beauty.",Nightology.jpg
Jacques Fath,"Jacques Fath Parfums features a collection of perfumes with a contemporary design and emblematic codes. Discover our unique collections which will immerse you in a world of refinement. Let yourself be enchanted by exceptional materials, such as Neroli or Ambergris.",Jacques-Fath-Parfums.jpg
Moudon,"MOUDON is a luxury perfume maker that tries to present a fresh new take on perfumery by blending captivating natural essences and eccentric aroma-molecules, into magical sensory and olfactory experience, taking the wearer on a journey of sense and scents.",Moudon.jpg
Avon,"AVON brand represents a range of innovative, high-quality make-up, fragrance, body care, fashion, home and wellbeing products.",Avon.jpg
Lalique,"LALIQUE has endured as the ultimate symbol of French luxury ranging from fragrances and cosmetics to crystal, jewelry, high-end furniture and lifestyle accessories. Browse perfumes from a variety of pleasant scents for women and enjoy high-end luxury and lifestyle at best prices.",Lalique-Perfumes.jpg
Dunhill,"DUNHILL offers best-selling perfumes, colognes and fragrances that speak for your style and uniqueness.",Dunhill-Collection-of-Fragrances-and-Accessories-in-Kenya-150x150.jpg
Elie Saab,"ELIE SAAB is a Lebanese fashion designer and founder of his eponymous brand. Browse perfumes, colognes and luxury gift items from the self-taught fashion designer who was born in Lebanon.",Elie-Saab-Fragrances-150x150.jpg
DKNY,DKNY offers perfumes that reflect Donna Karan's love of New York & her idea of the truly modern woman on the go.,DKNY.jpg
Trussardi,Trussardi fragrancesÂ reflect Italian tradition and culture as well as latest trends. Every Trussardi fragrance represents these values inspired by Italian lifestyle. You can explore their line starting with Trussardi My Name Eau de Parfum for women o the cult classic Trussardi My Land fo men.,Trussardi.jpg
Chopard,CHOPARD offers perfumes and colognes that deliver quality features from the designer of pure luxury items.,Chopard.jpg
Guess,"GUESS is an American clothing company which licenses its brand on other fashion accessories, such as watches, jewelry, fragrances, bags and shoes. Browse GUESS scents, including GUESS Dare perfume for women & GUESS Night cologne for men at best prices.",Guess-Fragrances-150x150.jpg
Shea Moisture,"SHEA MOISTURE offers hair shampoos, hair conditioners, soap and men's products & is inspired by the legacy of Sofi Tucker, a pioneering entrepreneur from Sierra Leone.",Shea-Moisture.jpg
Narciso Rodriguez,NARCISO RODRIGUEZ is a fragrance and clothingÂ brandÂ created by an American fashion designer born in 1961. Browse perfumes and colognes from the celebrated fashion designer with Cuban heritage at best prices.,Narciso-Rodriguez.jpeg
Christian Siriano,"Christian Siriano perfumes pay homage to femininity & break barriers with design, relevancy, and integrity",Christian-Siriano.jpg
Gucci,"GUCCI is an Italian luxury brand of fashion, clothing, leather goods and fragrances that was founded in 1921 by Guccio Gucci. Browse perfumes & colognes from the world's leading luxury brands with more than 100 scents in men's, women's & unisex editions.",Gucci.jpg
Issey Miyake,"ISSEY MIYAKE is known for his collection of luxury fragrances in addition to clothing. Browse perfumes and colognes that draw on its infinite force, stunning beauty and a deep connection to Nature at best prices.",Shop-Issey-Miyake-Fragrances-Online-in-Kenya-150x150.jpg
Roberto Cavalli,"Roberto Cavalli is a designer of both substance and style. Browse signature perfumes named after its creator that symbolize Italian femininity, sensuality and extravagance in an elegant and sensual smell.",Roberto-Cavalli.jpg
Tommy Hilfiger,"Tommy Hilfiger is known for its preppy styling and clean, fresh scents. Launched in 1995, the original Tommy was followed by Tommy Girl, both bright aromas with citrus, mint and rose notes. Today, Tommy Hilfiger is a leading name in men's fragrance.",Tommy-Hilfiger.jpg
Cacharel,CACHAREL fragrances presents perfumes from the French brand that captures youthful independence and empower women.,Cacharel-Fragrances-150x150.jpg
Chloe,Chloe features fragrances in a range of unprecedented and irresistibly intense perfumes for the confident woman.,Chloe.jpg
Philips,Philips believes that beauty is a wonderful energy that exists inside every woman. Every woman deserves to feel good about the way she looks. Philips cares about creating the next generation of beauty tools for the women of today.,Philips.jpg
Maison Margiela,"Maison Margiela is a French fashion House, founded in Paris in 1988 by Belgian designer Martin Margiela. Both masculine and feminine, oftentimes fusing the two genders, the House takes a cerebral approach to deconstructing, reinventing and redefining men's and womenswear silhouettes.",Maison-Margiela.jpg
Rihanna,"RIHANNA fragrances feature tropical fruits and flowers that pay tribute to Rihanna's Caribbean background, as well as sexy â€œskinâ€ notes. Browse perfumes and pleasant scents for women inspired by a singer, businesswoman, fashion designer, actress and philanthropist.",Rihanna-Perfumes.jpg
Sun Basics,"SUN BASICS features specialized sun protection sunscreens, lotions and skin care products that prevent sun burns.",Sun-Basics.jpg
Baldessarini,"BALDESSARINI offers a range of perfumes, colognes and distinguished fragrances that are both high-quality and stylish.",Baldessarini.jpg
Diesel,DIESEL offers perfumes & colognes from a collection that pushes the boundaries of traditional masculine perfumery.,Diesel.jpg
Lanvin,"LANVIN, the fragranceÂ brand, is an extension of the esteemed French fashion house founded in 1889. Browse perfumes and colognes that share the timeless chic of Jeanne Lanvin's Couture, enhanced with ultra-contemporary creativity.",Lanvin.jpg
Robertino,"ROBERTINO features an inspirational range of perfumes and eau de toilettes. Browse from a carefully selected perfumes and colognes collection that meets your budget and style, affordably.",Robertino.jpg
Sean John,SEAN JOHN is a privately held fashion lifestyle company created by music mogul Sean Combs. Browse perfumes and colognes that inspire confidence and help men to put their best foot forward at best prices.,Sean-John.jpg
Cerruti,"CERRUTI 1881 fragrances presents perfumes & colognes that capture brightness, freshness, sensuality & refinement at the best prices.",Cerruti-Fragrances-150x150.jpg
Guy Laroche,GUY LAROCHE is famous for its luxury & desirable classics yet with a modern-contemporary approach. Browse perfumes and colognes from the French designer that was founded in 1974 and is famous for its luxury & desirable classics.,Guy-Laroche.jpg
Aramis,ARAMIS fragrance range offers perfumes and colognes that embody classic masculinity featuring quality grooming products.,Aramis.jpg
Mugler,"MUGLER has always created fragrances with a different, more sustainable idea of luxury by putting simple and responsible gestures within everyone's reach starting in 1973. Browse perfumes, colognes and gift sets with marked quality + class from a favorite of men and women at best prices.",Thierry-Mugler-Fragrances-150x150.jpg
Disney Princess,DISNEY PRINCESS features a range of fragrancesÂ that capture the beauty and romance of theÂ Disney Princess.,Disney-Princess-Fragrances-150x150.jpg
Marvel,"MARVEL a family-owned business that manufactures private label candles, incense, fragrance oils and diffusers. Browse perfumes, colognes, after shaves, shower gels & budget gift sets at best prices.",Marvel-Fragrances-150x150.jpg
Jacques Bogart,JACQUES BOGART fragrances leave a powerful olfactory imprint and an originality that transcends fashion. Browse timeless signature of the elegant man through choice perfumes and colognes that inspire greatness in men.,Jacques-Bogart-Fragrances-150x150.jpg
Miris,"MIRIS offers high-quality fragrances without the excessive costs of marketing and branding, making perfumes accessible for everyone.Â Browse perfumes and colognes that have the same quality as expensive designer brands at a fraction of the cost.",Miris-Fragrances-150x150.jpg
Sarah Jessica Parker,"SARAH JESSICA PARKER collection was launched in 2014 and houses footwear, apparel and accessories. Browse perfumes and colognes that reflect a signature scent that is feminine, timeless and ageless at best prices.",Sarah-Jessica-Parker.jpg
Brut,"BRUT fragrances feature men's perfumes, colognes, grooming and fragrance products to keep your best foot forward.",Brut-Fragrances-150x150.jpg
Kim Kardashian,"KIM KARDASHIAN understood that women are diverse in terms of their body shapes, sizes, and skin tones. Browse perfumes for women from an entrepreneur, social media phenomenon, founder & owner of SKKN Beauty",Kim-Kardashian-Fragrances-150x150.jpg
Ferrari,FERRARI is an Italian brand that is well renowned for luxury sports cars. Browse perfumes & colognes that pick from a fashion & accessories empire embracing fine scents that embody sophistication & power.,Ferrari.jpg
Benetton,"BENETTON is a leading global fashion brand based in Italy, a destination for men's contemporary fashion and streetwear including fragrances. Browse UC perfumes, colognes and gift items and find 100% authentic products + great offers + great prices.",United-Colors-of-Benetton-Logo-150x150.jpg
Scent Story,"SCENT STORY is anÂ authentic, opulent fragrance line committed to creating exquisite, luxurious & artisan scents for both men and women. Browse perfumes and colognes from the champions, the next generation of perfumers and fragrance studios at best prices.",Scent-Story-Logo-150x150.jpg
,,
,,
,,
,,
,,
,,
,,
,,
,,
,,
,,
,,
,,
,,
,,
,,
,,
,,
,,
,,
,,
,,
,,
,,
,,
,,
,,
,,
,,
,,
,,
,,
,,
,,
,,
,,
,,
,,
,,
,,
,,
,,
,,
,,
,,
,,
,,
,,
,,
,,
,,
,,
,,
,,
,,
,,
,,
,,
,,
,,
,,
,,
,,
,,
,,
,,
,,
,,
,,
,,
,,
,,
,,
,,
,,
,,
,,
,,
,,
,,
,,
,,
,,
,,
,,
,,
,,
,,
,,
,,
,,
,,
,,
,,
,,
,,
,,
,,
,,
,,
,,
,,
,,
,,
,,
,,
,,
,,
,,
,,
,,
,,
,,
,,
,,
,,
,,
,,
,,
,,
,,
,,
,,
,,
,,
,,
,,
,,
,,
,,
,,
,,
,,
,,
,,
,,
,,
,,
,,
,,
,,
,,
,,
,,
,,
,,
,,
,,
,,
,,
,,
,,
,,
,,
,,
,,
,,
,,
,,
,,
,,
,,
,,
,,
,,
,,
,,
,,
,,
,,
,,
,,
,,
,,
,,
,,
,,
,,
,,
,,
,,
,,
,,
,,
,,
,,
,,
,,
,,
,,
,,
,,
,,
,,
,,
,,
,,
,,
,,
,,
,,
,,
,,
,,
,,
,,
,,
,,
,,
,,
,,
,,
,,
,,
,,
,,
,,
,,
,,
,,
,,
,,
,,
,,
,,
,,
,,
,,
,,
,,
,,
,,
,,
,,
,,
,,
,,
,,
,,
,,
,,
,,
,,
,,
,,
,,
,,
,,
,,
,,
,,
,,
,,
,,
,,
,,
,,
,,
,,
,,
,,
,,
,,
,,
,,
,,
,,
,,
,,
,,
,,
,,
,,
,,
,,
,,
,,
,,
,,
,,
,,
,,
,,
,,
,,
,,
,,
,,
,,
,,
,,
,,
,,
,,
,,
,,
,,
,,
,,
,,
,,
,,
,,
,,
,,
,,
,,
,,
,,
,,
,,
,,
,,
,,
,,
,,
,,
,,
,,
,,
,,
,,
,,
,,
,,
,,
,,
,,
,,
,,
,,
,,
,,
,,
,,
,,
,,
,,
,,
,,
,,
,,
,,
,,
,,
,,
,,
,,
,,
,,
,,
,,
,,
,,
,,
,,
,,
,,
,,
,,
,,
,,
,,
,,
,,
,,
,,
,,
,,
,,
,,
,,
,,
,,
,,
,,
,,
,,
,,
,,
,,
,,
,,
,,
,,
,,
,,
,,
,,
,,
,,
,,
,,
,,
,,
,,
,,
,,
,,
,,
,,
,,
,,
,,
,,
,,
,,
,,
,,
,,
,,
,,
,,
,,
,,
,,
,,
,,
,,
,,
,,
,,
,,
,,
,,
,,
,,
,,
,,
,,
,,
,,
,,
,,
,,
,,
,,
,,
,,
,,
,,
,,
,,
,,
,,
,,
,,
,,
,,
,,
,,
,,
,,
,,
,,
,,
,,
,,
,,
,,
,,
,,
,,
,,
,,
,,
,,
,,
,,
,,
,,
,,
,,
,,
,,
,,
,,
,,
,,
,,
,,
,,
,,
,,
,,
,,
,,
,,
,,
,,
,,
,,
,,
,,
,,
,,
,,
,,
,,
,,
,,
,,
,,
,,
,,
,,
,,
,,
,,
,,
,,
,,
,,
,,
,,
,,
,,
,,
,,
,,
,,
,,
,,
,,
,,
,,
,,
,,
,,
,,
,,
,,
,,
,,
,,
,,
,,
,,
,,
,,
,,
,,
,,
,,
,,
,,
,,
,,
,,
,,
,,
,,
,,
,,
,,
,,
,,
,,
,,
,,
,,
,,
,,
,,
,,
,,
,,
,,
,,
,,
,,
,,
,,
,,
,,
,,
,,
,,
,,
,,
,,
,,
,,
,,
,,
,,
,,
,,
,,
,,
,,
,,
,,
,,
,,
,,
,,
,,
,,
,,
,,
,,
,,
,,
,,
,,
,,
,,
,,
,,
,,
,,
,,
,,
,,
,,
,,
,,
,,
,,
,,
,,
,,
,,
,,
,,
,,
,,
,,
,,
,,
,,
,,
,,
,,
,,
,,
,,
,,
,,
,,
,,
,,
,,
,,
,,
,,
,,
,,
,,
,,
,,
,,
,,
,,
,,
,,
,,
,,
,,
,,
,,
,,
,,
,,
,,
,,
,,
,,
,,
,,
,,
,,
,,
,,
,,
,,
,,
,,
,,
,,
,,
,,
,,
,,
,,
,,
,,
,,
,,
,,
,,
,,
,,
,,
,,
,,
,,
,,
,,
,,
,,
,,
,,
,,
,,
,,
,,
,,
,,
,,
,,
,,
,,
,,
,,
,,
,,
,,
,,
,,
,,
,,
,,
,,
,,
,,
,,
,,
,,
,,
,,
,,
,,
,,
,,
,,
,,
,,
,,
,,
,,
,,
,,
,,
,,
,,
,,
,,
,,
,,
,,
,,
,,
,,
,,
,,
,,
,,
,,
,,
,,
,,
,,
,,
,,
,,
,,
,,
,,
,,
,,
,,
,,
,,
,,
,,
,,
,,
,,
,,
,,
,,
,,
,,
,,
,,
,,
,,
,,
,,
,,
,,
,,
,,
,,
,,
,,
,,
,,
,,
,,
,,
,,
,,
,,
,,
,,
,,
,,
,,
,,
,,
,,
,,
,,
,,
,,
,,
,,
,,
,,
,,
,,
,,
,,
,,
,,
,,
,,
,,
,,
,,
,,
,,
,,
,,
,,
,,
,,
,,
,,
,,
,,
,,
,,
,,
,,
,,
,,
,,
,,
,,
,,
,,
,,
,,
,,
,,
,,
,,
,,
,,
,,
,,
,,
,,
,,
,,
,,
,,
,,
,,
,,
,,
,,
,,
,,
,,
,,
,,
,,
,,
,,
,,
,,
,,
,,
,,
,,
,,
,,
,,
,,
,,
,,
,,
,,
,,
,,
,,
,,
,,
,,
,,
,,
,,
,,
,,
,,
,,
,,
,,
,,
,,
,,
,,
,,
,,
,,
,,
,,
,,
,,
,,
,,
,,
,,
,,
,,
,,
,,
,,
,,
,,
,,
,,
,,
,,
,,
,,
,,
,,
,,
,,
,,
,,
,,
,,
,,
,,
,,
,,
,,
,,
,,
,,
,,
,,
,,
,,
,,
,,
,,
,,
,,
,,
,,
,,
,,
,,
,,
,,
,,
,,
,,
,,
,,
,,
,,
,,
,,
,,
,,
,,
,,
,,
,,
,,
,,
,,
,,
,,
,,
,,
,,
,,
,,
,,
,,
,,
,,
,,
,,
,,
,,
,,
,,
,,
,,
,,
,,
,,
,,
,,
,,
,,
,,
,,
,,
,,
,,
,,
,,
,,
,,
,,
,,
,,
,,
,,
,,
,,
,,
,,
,,
,,
,,
,,
,,
,,
,,
,,
,,
,,
,,
,,
,,
,,
,,
,,
,,
,,
,,
,,
,,
,,
,,
,,
,,
,,
,,
,,
,,
,,
,,
,,
,,
,,
,,
,,
,,
,,
,,
,,
,,
,,
,,
,,
,,
,,
,,
,,
,,
,,
,,
,,
,,
,,
,,
,,
,,
,,
,,
,,
,,
,,
,,
,,
,,
,,
,,
,,
,,
,,
,,
,,
,,
,,
,,
,,
,,
,,
,,
,,
,,
,,
,,
,,
,,
,,
,,
,,
,,
,,
,,
,,
,,
,,
,,
,,
,,
,,
,,
,,
,,
,,
,,
,,
,,
,,
,,
,,
,,
,,
,,
,,
,,
,,
,,
,,
,,
,,
,,
,,
,,
,,
,,
,,
,,
,,
,,
,,
,,
,,
,,
,,
,,
,,
,,
,,
,,
,,
,,
,,
,,
,,
,,
,,
,,
,,
,,
,,
,,
,,
,,
,,
,,
,,
,,
,,
,,
,,
,,
,,
,,
,,
,,
,,
,,
,,
,,
,,
,,
,,
,,
,,
,,
,,
,,
,,
,,
,,
,,
,,
,,
,,
,,
,,
,,
,,
,,
,,
,,
,,
,,
,,
,,
,,
,,
,,
,,
,,
,,
,,
,,
,,
,,
,,
,,
,,
,,
,,
,,
,,
,,
,,
,,
,,
,,
,,
,,
,,
,,
,,
,,
,,
,,
,,
,,
,,
,,
,,
,,
,,
,,
,,
,,
,,
,,
,,
,,
,,
,,
,,
,,
,,
,,
,,
,,
,,
,,
,,
,,
,,
,,
,,
,,
,,
,,
,,
,,
,,
,,
,,
,,
,,
,,
,,
,,
,,
,,
,,
,,
,,
,,
,,
,,
,,
,,
,,
,,
,,
,,
,,
,,
,,
,,
,,
,,
,,
,,
,,
,,
,,
,,
,,
,,
,,
,,
,,
,,
,,
,,
,,
,,
,,
,,
,,
,,
,,
,,
,,
,,
,,
,,
,,
,,
,,
,,
,,
,,
,,
,,
,,
,,
,,
,,
,,
,,
,,
,,
,,
,,
,,
,,
,,
,,
,,
,,
,,
,,
,,
,,
,,
,,
,,
,,
,,
,,
,,
,,
,,
,,
,,
,,
,,
,,
,,
,,
,,
,,
,,
,,
,,
,,
,,
,,
,,
,,
,,
,,
,,
,,
,,
,,
,,
,,
,,
,,
,,
,,
,,
,,
,,
,,
,,
,,
,,
,,
,,
,,
,,
,,
,,
,,
,,
,,
,,
,,
,,
,,
,,
,,
,,
,,
,,
,,
,,
,,
,,
,,
,,
,,
,,
,,
,,
,,
,,
,,
,,
,,
,,
,,
,,
,,
,,
,,
,,
,,
,,
,,
,,
,,
,,
,,
,,
,,
,,
,,
,,
,,
,,
,,
,,
,,
,,
,,
,,
,,
,,
,,
,,
,,
,,
,,
,,
,,
,,
,,
,,
,,
,,
,,
,,
,,
,,
,,
,,
,,
,,
,,
,,
,,
,,
,,
,,
,,
,,
,,
,,
,,
,,
,,
,,
,,
,,
,,
,,
,,
,,
,,
,,
,,
,,
,,
,,
,,
,,
,,
,,
,,
,,
,,
,,
,,
,,
,,
,,
,,
,,
,,
,,
,,
,,
,,
,,
,,
,,
,,
,,
,,
,,
,,
,,
,,
,,
,,
,,
,,
,,
,,
,,
,,
,,
,,
,,
,,
,,
,,
,,
,,
,,
,,
,,
,,
,,
,,
,,
,,
,,
,,
,,
,,
,,
,,
,,
,,
,,
,,
,,
,,
,,
,,
,,
,,
,,
,,
,,
,,
,,
,,
,,
,,
,,
,,
,,
,,
,,
,,
,,
,,
,,
,,
,,
,,
,,
,,
,,
,,
,,
,,
,,
,,
,,
,,
,,
,,
,,
,,
,,
,,
,,
,,
,,
,,
,,
,,
,,
,,
,,
,,
,,
,,
,,
,,
,,
,,
,,
,,
,,
,,
,,
,,
,,
,,
,,
,,
,,
