Acnevit,Serums
Acnevit,Cleansers
Acqua di Parma,Men's Colognes
Acqua di Parma,Unisex Perfumes
Adidas,Men's Colognes
Adidas,Shave Care
Affinessence,Unisex Perfumes
Afnan,Unisex Perfumes
Afnan,Men's Colognes
Afnan,Women's Perfumes
Alara,Soaps
Alara,Serums
Alara,Moisturizers
Alara,Scrubs & Exfoliators
Alara,Cleansers
Alexandre.J,Unisex Perfumes
Aloe Unique,Moisturizers
Aloe Unique,Cleansers
Aloe Unique,Sunscreens
Aloe Unique,Lip Balms
Aloe Unique,Toners
Aloe Unique,Body Creams
Aloe Unique,Serums
Aloe Unique,Soaps
Aloe Unique,Scrubs & Exfoliators
Aloe Unique,Masks & Peels
American Dream,Body Creams
American Dream,Moisturizers
American Dream,Serums
Amouage,Women's Perfumes
Amouage,Men's Colognes
Amouage,Unisex Perfumes
Amouroud,Unisex Perfumes
Antonio Banderas,Men's Colognes
Anubis,Moisturizers
Anubis,Cleansers
Aramis,Men's Colognes
Ard Al Zaafaran,Women's Perfumes
Ard Al Zaafaran,Men's Colognes
Ariana Grande,Women's Perfumes
Armaf,Women's Perfumes
Armaf,Men's Colognes
Armaf,Unisex Perfumes
Armaf,Deodorants
Asantee,Soaps
Aurora Scents,Women's Perfumes
Aurora Scents,Men's Colognes
Aurora Scents,Unisex Perfumes
Avon,Women's Perfumes
Avon,Deodorants
Azzaro,Men's Colognes
Azzaro,Women's Perfumes
Baldessarini,Deodorants
Bath & Body Works,Body Mists
Bath & Body Works,Shower Gels
Bath & Body Works,Body Creams
Bath & Body Works,Home Fragrances
Bath & Body Works,Moisturizers
Bath & Body Works,Lip Gloss
Bath & Body Works,Scrubs & Exfoliators
Bath & Body Works,Men's Colognes
Benetton,Men's Colognes
Bentley,Men's Colognes
Beyonce,Women's Perfumes
Billie Eilish,Women's Perfumes
Billie Eilish,Unisex Perfumes
Bio Balance,Serums
Bio Balance,Sunscreens
Bio Balance,Moisturizers
Bio Balance,Cleansers
Bio Balance,Conditioners
Bio Balance,Shampoos
Bond No. 9,Unisex Perfumes
Bond No. 9,Women's Perfumes
Bond No. 9,Men's Colognes
Britney Spears,Women's Perfumes
Brut,Men's Colognes
Bump Patrol,Shave Care
Burberry,Women's Perfumes
Burberry,Men's Colognes
Bvlgari,Men's Colognes
Bvlgari,Women's Perfumes
C.O. Bigelow,Lip Gloss
Cacharel,Women's Perfumes
Calvin Klein,Men's Colognes
Calvin Klein,Unisex Perfumes
Calvin Klein,Women's Perfumes
Carolina Herrera,Men's Colognes
Carolina Herrera,Women's Perfumes
CeraVe,Cleansers
CeraVe,Moisturizers
CeraVe,Scrubs & Exfoliators
CeraVe,Serums
CeraVe,Sunscreens
Cerruti,Women's Perfumes
Chabaud,Unisex Perfumes
Chabaud,Women's Perfumes
Chanel,Women's Perfumes
Chanel,Men's Colognes
Chloe,Women's Perfumes
Chopard,Women's Perfumes
Chopard,Unisex Perfumes
Chopard,Men's Colognes
Christian Siriano,Women's Perfumes
Clarins,Toners
Clarins,Serums
Clarins,Moisturizers
Clarins,Scrubs & Exfoliators
Clear Essence,Moisturizers
Clear Essence,Serums
Clear Essence,Cleansers
Clear Essence,Soaps
Clear Essence,Oils & Butters
Clinique,Women's Perfumes
Clinique,Cleansers
Clinique,Moisturizers
Clinique,Serums
Clinique,Sunscreens
Clinique,Toners
Clinique,Scrubs & Exfoliators
Clinique,Deodorants
Clinique,Masks & Peels
Clinique,Shave Care
Clinique,Men's Colognes
Cosrx,Serums
Cosrx,Cleansers
Cosrx,Moisturizers
Cosrx,Toners
Cosrx,Sunscreens
Creed,Men's Colognes
Creed,Unisex Perfumes
Creme De Skin Nutritions,Serums
Creme Of Nature,Colors & Dyes
Creme Of Nature,Conditioners
Creme Of Nature,Shampoos
Creme Of Nature,Styling
Cristiano Ronaldo,Men's Colognes
David Beckham,Men's Colognes
Davidoff,Women's Perfumes
Davidoff,Men's Colognes
Degree Men,Deodorants
Diesel,Men's Colognes
Dior,Women's Perfumes
Dior,Men's Colognes
Dior,Unisex Perfumes
Dior,Shave Care
Disney Princess,Women's Perfumes
DKNY,Women's Perfumes
Dolce & Gabbana,Women's Perfumes
Dolce & Gabbana,Men's Colognes
Dunhill,Men's Colognes
Elie Saab,Women's Perfumes
Elizabeth Arden,Women's Perfumes
Elizabeth Arden,Serums
Elizabeth Taylor,Women's Perfumes
Estee Lauder,Foundations
Estee Lauder,Women's Perfumes
Estee Lauder,Toners
Estee Lauder,Moisturizers
Estee Lauder,Cleansers
Estee Lauder,Serums
Estee Lauder,Scrubs & Exfoliators
Estee Lauder,Unisex Perfumes
Estee Lauder,Men's Colognes
Fair & White,Moisturizers
Fair & White,Soaps
Fair & White,Shower Gels
Fair & White,Serums
Fair & White,Oils & Butters
Fair & White,Body Creams
Fashion,Elastics & Ties
Fashion,Wigs & Extensions
Fashion,Diffusers
Ferragamo,Women's Perfumes
Ferrari,Men's Colognes
Flormar,Foundations
Flormar,Eyeshadows
Flormar,Concealers
Flormar,Lipsticks
Flormar,Powders
Franck Boclet,Unisex Perfumes
Franck Boclet,Men's Colognes
Franck Boclet,Women's Perfumes
Fruit Of The Wokali,Serums
Fruit Of The Wokali,Moisturizers
Fruit Of The Wokali,Sunscreens
Fundamentals,Serums
Fundamentals,Cleansers
Fundamentals,Moisturizers
Fundamentals,Scrubs & Exfoliators
Fundamentals,Toners
Fundamentals,Body Creams
Fundamentals,Masks & Peels
Fundamentals,Sunscreens
Giorgio Armani,Unisex Perfumes
Giorgio Armani,Men's Colognes
Giorgio Armani,Women's Perfumes
Givenchy,Women's Perfumes
Givenchy,Men's Colognes
Got2b,Styling
Gucci,Women's Perfumes
Gucci,Men's Colognes
Gucci,Unisex Perfumes
Guerlain,Women's Perfumes
Guess,Unisex Perfumes
Guess,Women's Perfumes
Guy Laroche,Men's Colognes
Halloween,Men's Colognes
Halloween,Women's Perfumes
Hermes,Men's Colognes
Hugo Boss,Men's Colognes
Hugo Boss,Women's Perfumes
Initio,Unisex Perfumes
Issey Miyake,Men's Colognes
Jacques Bogart,Men's Colognes
Jacques Fath,Unisex Perfumes
Jaguar,Men's Colognes
Jean Paul Gaultier,Men's Colognes
Jean Paul Gaultier,Women's Perfumes
Jennifer Lopez,Women's Perfumes
Jimmy Choo,Women's Perfumes
Jimmy Choo,Men's Colognes
Joop,Men's Colognes
Joop,Women's Perfumes
Jovan,Women's Perfumes
Jovan,Men's Colognes
Juicy Couture,Women's Perfumes
Kayali,Unisex Perfumes
Kenneth Cole,Men's Colognes
Kenneth Cole,Women's Perfumes
Kenzo,Women's Perfumes
Kenzo,Men's Colognes
Kim Kardashian,Women's Perfumes
Kojie San,Soaps
Kojie San,Moisturizers
KrX Aesthetics,Serums
KrX Aesthetics,Moisturizers
KrX Aesthetics,Toners
KrX Aesthetics,Cleansers
KrX Aesthetics,Sunscreens
L A Girl,Concealers
L A Girl,Setting Sprays
L A Girl,Eyeliners
La Roche-Posay,Cleansers
La Roche-Posay,Sunscreens
La Roche-Posay,Serums
Lacoste,Women's Perfumes
Lacoste,Men's Colognes
Lalique,Men's Colognes
Lalique,Women's Perfumes
Lancome,Women's Perfumes
Lanvin,Women's Perfumes
Lattafa,Women's Perfumes
Lattafa,Men's Colognes
Lattafa,Unisex Perfumes
Louis Vuitton,Men's Colognes
Louis Vuitton,Unisex Perfumes
Magic,Shave Care
Magic,Styling
Maison Francis Kurkdjian,Unisex Perfumes
Maison Margiela,Unisex Perfumes
Maison Margiela,Men's Colognes
Malibu,Sunscreens
Mancera,Unisex Perfumes
Mancera,Women's Perfumes
Marc Avento,Unisex Perfumes
Marc Jacobs,Women's Perfumes
Marvel,Men's Colognes
Marvel,Women's Perfumes
Mary Kay,Gifts & Sets
Mary Kay,Moisturizers
Mary Kay,Cleansers
Mary Kay,Serums
Mary Kay,Toners
Mary Kay,Shave Care
Mercedes Benz,Men's Colognes
Mercedes Benz,Women's Perfumes
Miris,Men's Colognes
Mont Blanc,Men's Colognes
Mont Blanc,Deodorants
Montale,Unisex Perfumes
Montale,Women's Perfumes
Montale,Men's Colognes
Mosara,Conditioners
Mosara,Shampoos
Mosara,Styling
Moschino,Women's Perfumes
Moudon,Unisex Perfumes
Mugler,Women's Perfumes
Mugler,Men's Colognes
Narciso Rodriguez,Women's Perfumes
Nautica,Men's Colognes
Neutrogena,Moisturizers
Neutrogena,Sunscreens
Neutrogena,Cleansers
Neutrogena,Toners
Neutrogena,Soaps
Neutrogena,Scrubs & Exfoliators
Nicka K,Lip Gloss
Nightology,Unisex Perfumes
Nishane,Unisex Perfumes
Nivea,Shave Care
Old Spice,Deodorants
Old Spice,Shave Care
Ormonde Jayne,Unisex Perfumes
Ormonde Jayne,Women's Perfumes
Ormonde Jayne,Men's Colognes
Paco Rabanne,Deodorants
Paco Rabanne,Men's Colognes
Paco Rabanne,Women's Perfumes
Paco Rabanne,Unisex Perfumes
Palmers,Moisturizers
Palmers,Body Creams
Paloma Picasso,Women's Perfumes
Paris Hilton,Women's Perfumes
Pastil,Beard Oils
Philips,Styling Tools
Prada,Women's Perfumes
Pyary,Soaps
Ralph Lauren,Men's Colognes
Ralph Lauren,Women's Perfumes
Revlon,Foundations
Revlon,Mascaras
Revlon,Lipsticks
Revlon,Lip Balms
Revlon,Powders
Revlon,Concealers
Revlon,Setting Sprays
Revlon,Primers
Revlon,Lip Gloss
Revlon,Highlighters
Revlon,Colors & Dyes
Revlon,Brushes
Rihanna,Women's Perfumes
Robertino,Men's Colognes
Roberto Cavalli,Women's Perfumes
Roja Parfums,Women's Perfumes
Roja Parfums,Unisex Perfumes
Roja Parfums,Men's Colognes
Sarah Jessica Parker,Women's Perfumes
Scalpers,Men's Colognes
Scalpers,Women's Perfumes
Scent Story,Men's Colognes
Sculpture,Women's Perfumes
Sculpture,Unisex Perfumes
Sculpture,Men's Colognes
Sean John,Men's Colognes
Shea Fantasy,Moisturizers
Shea Fantasy,Aromatherapy
Shea Fantasy,Oils & Butters
Shea Moisture,Conditioners
Shea Moisture,Shampoos
Shea Moisture,Soaps
Simple,Toners
Simple,Cleansers
Simple,Moisturizers
Simple,Scrubs & Exfoliators
Sun Basics,Sunscreens
Sunny Isle,Moisturizers
Sunny Isle,Conditioners
Sunny Isle,Shampoos
Sunny Isle,Styling
Sunny Isle,Masks & Peels
Sunny Isle,Oils & Butters
Swiss Arabian,Unisex Perfumes
Tabac,Conditioners
Tabac,Beard Oils
Tabac,Deodorants
Tabac,Men's Colognes
Tabac,Styling
Tabac,Soaps
Tabac,Shower Gels
Tabac,Shave Care
Tea Rose,Women's Perfumes
The Merchant Of Venice,Unisex Perfumes
The Merchant Of Venice,Women's Perfumes
The Ordinary,Toners
The Ordinary,Serums
The Ordinary,Scrubs & Exfoliators
The Ordinary,Moisturizers
The Ordinary,Cleansers
The Ordinary,Masks & Peels
The Ordinary,Sunscreens
Tiziana Terenzi,Unisex Perfumes
Tom Ford,Unisex Perfumes
Tom Ford,Women's Perfumes
Tom Ford,Men's Colognes
Tommy Hilfiger,Women's Perfumes
Tous,Women's Perfumes
Tous,Men's Colognes
Trussardi,Unisex Perfumes
Valentino,Men's Colognes
Valentino,Women's Perfumes
Vaseline,Moisturizers
Vaseline,Lip Balms
Versace,Men's Colognes
Versace,Women's Perfumes
Victoria's Secret,Body Mists
Victoria's Secret,Lip Gloss
Victoria's Secret,Women's Perfumes
Victoria's Secret,Body Creams
Viktor & Rolf,Women's Perfumes
Viktor & Rolf,Men's Colognes
White Barn,Home Fragrances
Xerjoff,Men's Colognes
Xerjoff,Unisex Perfumes
YSL,Men's Colognes
YSL,Unisex Perfumes
YSL,Women's Perfumes
Zaron,Lip Gloss
Zaron,Mascaras
Zaron,Lash & Glue
